ProductID,ProductName,Category,Subcategory,BasePrice,Stock
1,rate,Home,Decor,57.17,472
2,help,Sports,Apparel,349.63,71
3,certain,Sports,Accessories,274.05,932
4,outside,Fashion,Shoes,37.18,338
5,safe,Home,Decor,337.9,663
6,husband,Home,Decor,452.03,867
7,dog,Food,Snacks,452.29,573
8,full,Technology,Laptops,92.68,580
9,describe,Technology,Smartphones,402.52,876
10,appear,Technology,Accessories,285.32,700
11,run,Home,Decor,233.92,583
12,hospital,Fashion,Shoes,89.14,528
13,personal,Technology,Smartphones,234.0,56
14,man,Food,Fresh Produce,290.01,815
15,serve,Home,Furniture,279.47,730
16,across,Home,Decor,18.2,729
17,country,Food,Beverages,484.2,30
18,hold,Technology,Smartphones,27.32,645
19,hard,Food,Fresh Produce,21.25,838
20,break,Sports,Apparel,53.54,820
21,color,Technology,Laptops,415.87,682
22,newspaper,Food,Beverages,417.9,585
23,college,Fashion,Accessories,276.46,779
24,maintain,Sports,Accessories,417.52,914
25,job,Technology,Laptops,144.56,180
26,represent,Home,Kitchen,237.88,570
27,design,Food,Fresh Produce,83.48,703
28,last,Fashion,Shoes,422.43,399
29,firm,Technology,Accessories,120.53,133
30,easy,Home,Kitchen,314.96,899
31,bar,Home,Decor,382.99,165
32,tonight,Fashion,Accessories,484.09,848
33,former,Food,Beverages,311.08,725
34,positive,Fashion,Accessories,36.11,220
35,figure,Technology,Accessories,221.33,797
36,whom,Food,Fresh Produce,305.82,465
37,network,Food,Fresh Produce,292.46,157
38,pressure,Sports,Equipment,150.41,650
39,to,Home,Decor,117.28,226
40,opportunity,Food,Beverages,84.5,242
41,though,Technology,Laptops,259.89,44
42,over,Food,Snacks,295.63,854
43,source,Food,Beverages,427.01,733
44,government,Sports,Equipment,283.38,21
45,population,Sports,Accessories,487.89,191
46,increase,Fashion,Clothing,149.28,363
47,happy,Sports,Equipment,49.65,134
48,win,Food,Fresh Produce,384.52,279
49,father,Food,Fresh Produce,479.82,739
50,job,Technology,Smartphones,91.92,111
51,really,Fashion,Clothing,353.53,869
52,learn,Fashion,Clothing,182.12,220
53,end,Food,Beverages,429.89,702
54,fire,Food,Snacks,186.66,437
55,give,Sports,Apparel,466.11,556
56,some,Home,Furniture,423.91,13
57,everybody,Food,Snacks,229.97,499
58,two,Home,Furniture,426.14,548
59,wear,Fashion,Accessories,124.55,982
60,year,Technology,Smartphones,5.78,698
61,wind,Sports,Equipment,227.0,754
62,final,Home,Kitchen,498.58,546
63,skill,Fashion,Accessories,228.83,827
64,do,Sports,Apparel,477.85,251
65,food,Food,Snacks,162.5,874
66,security,Technology,Accessories,381.55,130
67,even,Home,Furniture,192.25,979
68,stock,Technology,Smartphones,130.55,607
69,baby,Fashion,Accessories,454.4,453
70,strong,Sports,Equipment,69.52,483
71,watch,Technology,Smartphones,137.83,890
72,focus,Technology,Accessories,493.0,159
73,population,Sports,Equipment,436.4,204
74,campaign,Food,Beverages,103.55,10
75,individual,Technology,Laptops,27.9,408
76,over,Sports,Accessories,431.9,983
77,without,Food,Snacks,212.87,386
78,player,Sports,Apparel,170.24,766
79,perform,Home,Kitchen,322.15,750
80,election,Home,Furniture,40.55,794
81,some,Food,Beverages,107.38,616
82,political,Sports,Apparel,273.75,233
83,eight,Fashion,Accessories,93.93,736
84,these,Technology,Smartphones,284.71,647
85,season,Home,Furniture,158.32,448
86,you,Food,Snacks,393.9,134
87,toward,Technology,Accessories,448.75,176
88,evening,Sports,Accessories,348.94,566
89,fact,Technology,Laptops,459.42,439
90,particular,Sports,Apparel,75.1,696
91,little,Sports,Apparel,102.92,87
92,feel,Food,Snacks,478.62,7
93,draw,Food,Fresh Produce,372.73,684
94,paper,Home,Furniture,451.24,496
95,upon,Technology,Smartphones,268.68,781
96,expect,Sports,Apparel,497.82,477
97,understand,Sports,Apparel,55.04,382
98,it,Technology,Laptops,262.49,847
99,everything,Technology,Smartphones,482.21,310
100,adult,Technology,Laptops,113.96,17
101,never,Fashion,Clothing,32.6,403
102,song,Technology,Smartphones,89.7,231
103,require,Fashion,Clothing,362.02,989
104,think,Sports,Accessories,47.17,352
105,really,Fashion,Accessories,392.07,998
106,scene,Food,Beverages,478.33,469
107,option,Food,Snacks,247.55,520
108,Congress,Sports,Equipment,212.66,675
109,child,Fashion,Accessories,361.69,171
110,door,Home,Furniture,72.68,711
111,anyone,Fashion,Clothing,259.37,461
112,personal,Fashion,Shoes,467.46,163
113,get,Fashion,Shoes,406.1,999
114,month,Home,Furniture,449.82,756
115,kitchen,Home,Decor,469.6,154
116,career,Food,Beverages,147.34,673
117,point,Fashion,Clothing,497.17,276
118,several,Food,Beverages,73.95,448
119,me,Fashion,Shoes,161.47,306
120,several,Technology,Laptops,158.12,949
121,worry,Fashion,Clothing,463.86,245
122,discover,Food,Beverages,80.92,186
123,parent,Fashion,Clothing,394.55,784
124,relationship,Food,Beverages,300.11,405
125,television,Sports,Accessories,484.26,336
126,no,Home,Decor,96.84,177
127,quality,Technology,Smartphones,228.78,838
128,spend,Technology,Smartphones,345.58,68
129,us,Sports,Accessories,78.52,380
130,nearly,Technology,Smartphones,478.18,849
131,pass,Sports,Apparel,135.44,526
132,toward,Fashion,Accessories,423.87,178
133,world,Fashion,Clothing,247.12,118
134,expect,Sports,Equipment,82.6,645
135,black,Sports,Equipment,58.36,489
136,enjoy,Fashion,Shoes,16.14,968
137,coach,Technology,Smartphones,267.3,532
138,body,Home,Decor,341.62,487
139,across,Sports,Apparel,484.48,654
140,wall,Fashion,Accessories,13.93,944
141,soon,Food,Fresh Produce,206.27,292
142,own,Home,Furniture,272.96,430
143,like,Technology,Accessories,92.44,397
144,carry,Sports,Apparel,444.34,595
145,ask,Technology,Accessories,368.38,864
146,rock,Sports,Apparel,295.0,708
147,consumer,Food,Fresh Produce,68.15,87
148,building,Technology,Smartphones,331.28,6
149,traditional,Home,Kitchen,170.99,975
150,measure,Fashion,Clothing,402.51,941
151,sort,Sports,Equipment,423.63,220
152,animal,Sports,Apparel,52.37,142
153,measure,Food,Beverages,480.01,362
154,general,Technology,Laptops,325.86,276
155,fish,Home,Furniture,87.69,297
156,way,Sports,Accessories,341.38,526
157,together,Technology,Laptops,181.53,707
158,natural,Home,Kitchen,387.16,92
159,happen,Sports,Apparel,333.76,51
160,data,Fashion,Accessories,449.22,180
161,few,Sports,Apparel,343.5,819
162,professor,Home,Furniture,245.21,646
163,security,Food,Beverages,44.2,259
164,still,Sports,Accessories,450.46,970
165,itself,Food,Beverages,105.03,731
166,hospital,Food,Snacks,199.62,501
167,great,Sports,Equipment,91.48,254
168,marriage,Sports,Accessories,137.95,706
169,such,Fashion,Clothing,499.66,709
170,pay,Food,Snacks,340.42,849
171,cause,Food,Fresh Produce,331.37,392
172,town,Technology,Laptops,35.46,537
173,star,Sports,Apparel,83.53,130
174,car,Technology,Smartphones,443.08,255
175,always,Technology,Laptops,14.23,912
176,election,Fashion,Accessories,237.81,406
177,action,Sports,Apparel,389.11,616
178,and,Food,Fresh Produce,258.97,686
179,five,Fashion,Shoes,158.29,411
180,fall,Fashion,Shoes,9.72,259
181,our,Sports,Equipment,302.69,44
182,lead,Home,Kitchen,371.45,762
183,thus,Home,Furniture,464.12,192
184,fly,Sports,Apparel,177.15,373
185,I,Food,Beverages,204.34,494
186,woman,Home,Kitchen,212.09,414
187,attack,Home,Furniture,377.64,29
188,choose,Technology,Laptops,81.57,491
189,several,Technology,Laptops,246.42,917
190,popular,Fashion,Accessories,345.3,104
191,dog,Fashion,Clothing,246.58,329
192,our,Technology,Laptops,439.36,46
193,arm,Fashion,Shoes,168.01,948
194,test,Sports,Apparel,496.62,313
195,ahead,Sports,Equipment,451.92,461
196,chance,Fashion,Accessories,475.44,651
197,watch,Fashion,Accessories,380.72,28
198,since,Fashion,Shoes,12.42,500
199,two,Food,Snacks,55.6,59
200,heart,Home,Kitchen,94.1,440
201,both,Sports,Equipment,493.1,657
202,century,Sports,Apparel,15.1,545
203,start,Home,Decor,400.88,88
204,building,Sports,Apparel,431.86,230
205,Democrat,Fashion,Accessories,218.09,245
206,similar,Sports,Apparel,338.74,277
207,treat,Technology,Laptops,447.83,677
208,main,Sports,Apparel,207.58,802
209,goal,Food,Snacks,405.44,706
210,town,Sports,Apparel,473.78,474
211,increase,Technology,Laptops,305.22,110
212,treatment,Sports,Apparel,182.28,279
213,heart,Fashion,Accessories,215.38,100
214,newspaper,Technology,Accessories,275.58,456
215,seat,Sports,Equipment,270.42,97
216,physical,Home,Kitchen,156.47,815
217,including,Technology,Accessories,50.11,571
218,customer,Sports,Accessories,206.83,148
219,give,Food,Fresh Produce,102.49,882
220,pass,Technology,Smartphones,480.56,43
221,green,Sports,Equipment,294.01,161
222,production,Fashion,Shoes,223.18,131
223,research,Sports,Apparel,270.9,886
224,those,Sports,Accessories,200.43,777
225,market,Food,Beverages,440.81,34
226,able,Food,Beverages,487.02,274
227,one,Food,Snacks,22.63,242
228,yard,Technology,Accessories,279.31,521
229,law,Sports,Accessories,11.47,540
230,sure,Food,Fresh Produce,92.85,534
231,bar,Sports,Apparel,17.61,466
232,win,Technology,Accessories,473.85,265
233,painting,Fashion,Accessories,258.66,310
234,poor,Home,Decor,111.02,134
235,discover,Technology,Accessories,89.33,542
236,you,Food,Fresh Produce,76.13,155
237,authority,Sports,Equipment,78.46,146
238,every,Food,Beverages,76.2,19
239,season,Technology,Laptops,499.46,554
240,herself,Sports,Equipment,92.22,910
241,old,Food,Beverages,200.36,305
242,fire,Home,Decor,294.82,259
243,current,Food,Beverages,326.02,886
244,event,Food,Snacks,115.36,801
245,safe,Technology,Accessories,264.26,681
246,generation,Home,Decor,330.85,907
247,industry,Home,Decor,10.89,155
248,important,Fashion,Shoes,261.87,464
249,do,Home,Kitchen,191.22,454
250,become,Home,Kitchen,296.79,979
251,baby,Home,Decor,210.76,976
252,dog,Technology,Smartphones,464.31,777
253,world,Technology,Laptops,315.62,101
254,occur,Sports,Equipment,122.44,213
255,oil,Fashion,Shoes,375.36,972
256,hospital,Fashion,Clothing,373.3,334
257,anything,Fashion,Accessories,338.66,874
258,value,Home,Furniture,363.17,737
259,democratic,Sports,Accessories,255.51,481
260,fine,Food,Snacks,333.74,116
261,voice,Food,Snacks,372.65,914
262,cover,Technology,Laptops,423.39,544
263,cut,Fashion,Shoes,20.65,987
264,them,Fashion,Shoes,442.26,856
265,involve,Fashion,Accessories,412.71,855
266,coach,Sports,Equipment,378.06,798
267,worker,Fashion,Accessories,364.7,285
268,religious,Fashion,Shoes,433.53,523
269,sit,Food,Snacks,313.58,944
270,central,Sports,Apparel,111.3,663
271,along,Technology,Smartphones,330.37,906
272,toward,Fashion,Shoes,92.16,199
273,energy,Food,Fresh Produce,404.17,455
274,day,Technology,Laptops,229.81,839
275,force,Sports,Accessories,144.43,589
276,lot,Food,Beverages,198.59,888
277,final,Sports,Accessories,64.79,12
278,cover,Food,Beverages,297.42,987
279,evidence,Food,Beverages,84.36,301
280,investment,Technology,Smartphones,218.76,641
281,despite,Sports,Apparel,368.37,459
282,reality,Fashion,Accessories,254.85,307
283,box,Home,Decor,381.53,324
284,after,Sports,Equipment,66.17,174
285,fish,Sports,Apparel,355.4,171
286,each,Home,Kitchen,102.26,501
287,record,Sports,Equipment,389.76,283
288,little,Technology,Laptops,479.13,457
289,send,Technology,Smartphones,110.61,613
290,particularly,Technology,Accessories,167.15,408
291,just,Technology,Accessories,211.73,934
292,mother,Fashion,Shoes,14.71,532
293,site,Home,Decor,403.98,158
294,room,Food,Beverages,449.83,921
295,represent,Home,Furniture,297.24,404
296,suddenly,Technology,Accessories,397.02,588
297,really,Technology,Laptops,134.21,904
298,individual,Sports,Accessories,89.23,212
299,station,Home,Decor,423.99,570
300,term,Technology,Accessories,280.34,523
301,now,Technology,Laptops,269.95,5
302,theory,Sports,Equipment,67.55,857
303,ahead,Fashion,Accessories,59.98,685
304,alone,Sports,Equipment,387.57,939
305,old,Technology,Accessories,178.87,221
306,strong,Home,Kitchen,429.66,537
307,week,Food,Beverages,85.96,540
308,rather,Technology,Accessories,285.39,391
309,former,Fashion,Shoes,12.97,617
310,see,Fashion,Accessories,367.46,308
311,second,Food,Beverages,61.23,185
312,watch,Home,Furniture,448.43,272
313,chance,Food,Snacks,257.07,761
314,outside,Fashion,Shoes,359.73,179
315,traditional,Food,Snacks,165.13,631
316,fast,Food,Beverages,72.8,622
317,I,Home,Kitchen,244.39,57
318,some,Technology,Smartphones,240.93,722
319,pass,Home,Decor,248.87,773
320,apply,Fashion,Clothing,242.99,561
321,claim,Fashion,Clothing,278.32,455
322,various,Home,Decor,421.47,13
323,support,Fashion,Clothing,385.09,807
324,ready,Sports,Accessories,81.89,207
325,behind,Technology,Smartphones,105.52,591
326,radio,Food,Snacks,48.11,589
327,recognize,Technology,Laptops,176.4,288
328,message,Technology,Accessories,150.68,787
329,left,Food,Beverages,295.16,419
330,visit,Technology,Smartphones,160.45,239
331,feeling,Home,Decor,174.42,988
332,attack,Technology,Laptops,315.52,69
333,make,Fashion,Shoes,67.96,103
334,everyone,Home,Decor,352.96,805
335,cup,Food,Beverages,154.41,202
336,always,Sports,Equipment,195.78,828
337,five,Sports,Accessories,198.77,480
338,despite,Fashion,Shoes,293.79,434
339,thought,Fashion,Shoes,208.3,26
340,from,Technology,Accessories,9.09,273
341,article,Home,Furniture,472.06,102
342,clear,Fashion,Accessories,157.85,844
343,drive,Fashion,Clothing,294.19,925
344,not,Sports,Accessories,392.75,168
345,student,Food,Beverages,288.88,417
346,strong,Food,Beverages,282.11,124
347,they,Technology,Accessories,438.76,895
348,hit,Technology,Smartphones,67.45,516
349,your,Sports,Apparel,466.89,785
350,anyone,Technology,Smartphones,496.16,31
351,common,Food,Fresh Produce,27.22,36
352,color,Home,Furniture,265.16,12
353,teacher,Sports,Equipment,19.35,264
354,operation,Fashion,Accessories,460.53,461
355,poor,Home,Kitchen,66.55,118
356,yet,Fashion,Clothing,212.94,446
357,fast,Food,Beverages,289.28,744
358,knowledge,Technology,Accessories,229.84,762
359,include,Fashion,Accessories,409.47,743
360,ground,Home,Furniture,393.04,507
361,course,Technology,Laptops,11.31,525
362,list,Technology,Accessories,417.18,839
363,society,Sports,Equipment,284.95,380
364,great,Fashion,Shoes,347.46,913
365,show,Technology,Accessories,458.96,332
366,turn,Food,Beverages,116.01,113
367,some,Sports,Apparel,7.16,842
368,win,Technology,Laptops,282.29,714
369,son,Food,Snacks,51.97,233
370,collection,Food,Fresh Produce,457.89,990
371,decide,Technology,Smartphones,111.08,112
372,deep,Technology,Laptops,466.95,856
373,cell,Sports,Apparel,21.92,957
374,nature,Sports,Equipment,275.48,555
375,claim,Sports,Equipment,346.4,741
376,price,Technology,Laptops,35.15,216
377,student,Home,Kitchen,158.93,823
378,east,Technology,Smartphones,96.43,477
379,act,Sports,Equipment,416.73,606
380,century,Home,Decor,425.15,230
381,admit,Home,Furniture,301.29,702
382,center,Home,Decor,164.43,845
383,give,Technology,Smartphones,471.41,20
384,institution,Technology,Smartphones,471.96,952
385,painting,Sports,Equipment,83.27,637
386,box,Sports,Equipment,391.36,595
387,dinner,Technology,Laptops,184.96,559
388,democratic,Fashion,Accessories,315.26,541
389,understand,Sports,Equipment,345.25,139
390,action,Technology,Laptops,279.1,281
391,drug,Fashion,Shoes,216.92,822
392,age,Fashion,Shoes,389.59,269
393,discuss,Technology,Accessories,403.48,639
394,decade,Sports,Accessories,46.48,94
395,environment,Home,Kitchen,76.33,572
396,issue,Home,Furniture,415.44,240
397,management,Sports,Equipment,368.82,939
398,let,Food,Snacks,265.9,94
399,author,Technology,Smartphones,420.4,24
400,similar,Home,Kitchen,414.88,165
401,role,Home,Decor,362.14,761
402,can,Food,Fresh Produce,298.84,645
403,religious,Home,Kitchen,424.47,637
404,wear,Home,Decor,490.13,907
405,later,Technology,Laptops,213.33,102
406,step,Technology,Accessories,89.81,574
407,loss,Sports,Apparel,106.99,305
408,his,Home,Furniture,323.56,39
409,worker,Fashion,Clothing,36.13,519
410,team,Technology,Laptops,197.69,545
411,action,Home,Furniture,379.12,227
412,left,Sports,Apparel,198.08,482
413,total,Fashion,Accessories,160.62,342
414,late,Fashion,Accessories,155.21,438
415,change,Home,Furniture,111.48,132
416,stand,Home,Decor,465.75,539
417,mean,Food,Fresh Produce,280.66,992
418,poor,Fashion,Shoes,140.9,860
419,poor,Home,Furniture,89.21,865
420,hand,Sports,Accessories,284.59,292
421,social,Technology,Accessories,438.18,225
422,teach,Home,Decor,324.23,644
423,forward,Fashion,Accessories,111.06,854
424,enjoy,Technology,Accessories,393.55,526
425,way,Food,Beverages,262.15,200
426,smile,Fashion,Clothing,329.01,948
427,art,Sports,Equipment,280.62,124
428,consumer,Home,Furniture,402.8,136
429,fall,Sports,Equipment,369.46,677
430,quality,Sports,Apparel,215.65,342
431,hospital,Sports,Accessories,62.64,732
432,develop,Home,Kitchen,305.82,821
433,arrive,Home,Kitchen,44.42,531
434,bar,Technology,Laptops,88.27,491
435,year,Technology,Laptops,167.73,981
436,well,Fashion,Shoes,345.25,391
437,consumer,Home,Furniture,169.75,874
438,whether,Technology,Laptops,381.06,375
439,during,Food,Beverages,320.54,10
440,simple,Home,Kitchen,307.89,11
441,party,Food,Beverages,349.77,589
442,only,Sports,Apparel,418.68,607
443,speech,Technology,Laptops,409.9,272
444,evening,Technology,Accessories,232.04,924
445,team,Home,Furniture,105.84,508
446,method,Technology,Smartphones,281.57,923
447,conference,Sports,Equipment,151.55,843
448,easy,Technology,Laptops,476.12,620
449,air,Fashion,Accessories,488.97,396
450,direction,Sports,Apparel,283.59,479
451,experience,Fashion,Clothing,457.22,590
452,sense,Food,Snacks,129.15,368
453,whose,Technology,Smartphones,220.84,545
454,structure,Home,Furniture,281.8,495
455,catch,Home,Decor,154.07,531
456,any,Fashion,Clothing,84.99,68
457,care,Fashion,Clothing,291.87,613
458,now,Technology,Smartphones,464.11,144
459,fine,Sports,Apparel,46.53,992
460,low,Technology,Smartphones,457.66,922
461,author,Home,Furniture,386.39,517
462,your,Sports,Apparel,407.4,109
463,successful,Home,Kitchen,149.81,649
464,party,Food,Snacks,139.92,562
465,table,Fashion,Accessories,60.86,67
466,site,Home,Decor,156.26,41
467,subject,Food,Beverages,436.92,737
468,whose,Home,Kitchen,284.33,677
469,spend,Home,Furniture,187.2,111
470,admit,Sports,Equipment,215.65,177
471,benefit,Food,Snacks,144.35,409
472,look,Technology,Smartphones,185.13,776
473,series,Fashion,Shoes,15.76,105
474,commercial,Home,Kitchen,361.18,463
475,common,Home,Kitchen,290.68,661
476,recently,Sports,Equipment,369.18,521
477,subject,Sports,Equipment,492.4,925
478,cause,Sports,Accessories,161.56,789
479,final,Home,Furniture,215.29,943
480,area,Fashion,Accessories,230.78,962
481,upon,Fashion,Clothing,247.46,468
482,hour,Sports,Apparel,287.8,355
483,article,Fashion,Shoes,495.89,263
484,leg,Technology,Accessories,410.46,694
485,teach,Fashion,Accessories,60.24,565
486,unit,Home,Furniture,160.93,630
487,seven,Food,Beverages,149.84,756
488,job,Sports,Equipment,430.27,869
489,whom,Sports,Equipment,357.01,45
490,theory,Sports,Equipment,104.58,806
491,event,Fashion,Clothing,472.39,983
492,recent,Technology,Smartphones,388.57,475
493,use,Sports,Equipment,369.81,359
494,office,Fashion,Accessories,234.84,705
495,maintain,Fashion,Shoes,141.68,619
496,show,Technology,Smartphones,20.1,776
497,stand,Fashion,Clothing,429.54,208
498,blue,Technology,Accessories,377.08,676
499,theory,Technology,Accessories,57.91,370
500,whose,Fashion,Clothing,188.15,966
501,maybe,Home,Kitchen,360.63,267
502,quality,Food,Snacks,382.83,254
503,provide,Technology,Laptops,467.05,652
504,rock,Fashion,Accessories,172.3,607
505,mission,Food,Snacks,398.37,226
506,full,Fashion,Accessories,378.7,825
507,thank,Sports,Equipment,368.14,376
508,ever,Fashion,Shoes,202.53,4
509,job,Home,Decor,402.22,754
510,born,Fashion,Clothing,308.02,639
511,prevent,Food,Fresh Produce,22.18,276
512,stop,Fashion,Accessories,246.5,663
513,there,Technology,Accessories,437.54,468
514,plant,Technology,Smartphones,436.69,699
515,would,Food,Fresh Produce,455.89,895
516,training,Technology,Smartphones,468.6,451
517,cover,Fashion,Shoes,386.93,581
518,wish,Sports,Accessories,397.04,98
519,everything,Sports,Equipment,66.74,662
520,apply,Technology,Accessories,72.03,513
521,imagine,Food,Fresh Produce,465.61,364
522,here,Technology,Accessories,406.56,580
523,push,Food,Snacks,249.07,827
524,number,Technology,Smartphones,471.93,92
525,dream,Food,Beverages,402.37,942
526,not,Sports,Equipment,233.21,320
527,turn,Food,Beverages,313.83,855
528,wife,Home,Decor,303.39,402
529,let,Sports,Accessories,323.73,566
530,class,Technology,Accessories,431.77,769
531,story,Home,Furniture,201.88,477
532,research,Food,Snacks,330.43,940
533,manager,Sports,Equipment,480.65,165
534,professional,Fashion,Accessories,481.07,137
535,choose,Sports,Accessories,294.57,857
536,group,Home,Decor,356.35,915
537,mouth,Home,Kitchen,128.75,67
538,turn,Food,Beverages,374.33,918
539,word,Sports,Accessories,341.23,649
540,attack,Fashion,Shoes,389.42,96
541,couple,Technology,Laptops,398.98,694
542,clearly,Food,Beverages,164.84,284
543,free,Fashion,Shoes,183.14,359
544,place,Sports,Accessories,205.43,761
545,amount,Technology,Smartphones,299.99,969
546,suffer,Sports,Accessories,258.18,151
547,pattern,Sports,Apparel,318.3,999
548,station,Fashion,Accessories,180.79,872
549,rise,Food,Fresh Produce,36.17,769
550,gun,Technology,Laptops,274.37,880
551,image,Fashion,Clothing,96.75,161
552,indeed,Technology,Smartphones,71.72,352
553,son,Home,Kitchen,322.22,842
554,none,Technology,Laptops,329.78,558
555,father,Home,Kitchen,304.45,816
556,seem,Technology,Accessories,123.83,161
557,environmental,Home,Kitchen,454.95,401
558,who,Home,Furniture,466.99,205
559,movement,Sports,Accessories,187.44,699
560,share,Technology,Smartphones,250.79,41
561,sister,Fashion,Accessories,427.7,106
562,choice,Sports,Equipment,177.51,364
563,your,Fashion,Shoes,146.39,646
564,end,Fashion,Shoes,222.03,23
565,mention,Technology,Smartphones,20.78,490
566,enjoy,Home,Furniture,312.8,19
567,product,Technology,Laptops,103.94,729
568,cup,Sports,Accessories,297.21,431
569,live,Food,Beverages,283.75,943
570,painting,Sports,Apparel,28.66,584
571,specific,Food,Beverages,206.9,117
572,yeah,Sports,Accessories,94.69,951
573,ball,Sports,Accessories,352.54,317
574,study,Fashion,Shoes,495.93,524
575,cultural,Food,Fresh Produce,5.03,844
576,black,Home,Kitchen,492.2,511
577,case,Home,Kitchen,452.47,739
578,become,Home,Kitchen,279.53,521
579,before,Food,Beverages,405.85,637
580,anyone,Technology,Laptops,106.98,247
581,call,Food,Beverages,370.7,435
582,nice,Fashion,Clothing,80.76,685
583,lot,Sports,Equipment,287.43,350
584,must,Sports,Apparel,439.04,803
585,analysis,Home,Furniture,301.65,623
586,eat,Home,Furniture,258.54,368
587,same,Home,Furniture,42.66,369
588,half,Technology,Smartphones,351.9,85
589,rise,Sports,Equipment,396.99,459
590,on,Fashion,Shoes,124.58,521
591,just,Food,Snacks,471.29,396
592,surface,Home,Decor,6.87,946
593,why,Technology,Accessories,16.61,623
594,situation,Food,Beverages,162.49,290
595,positive,Home,Kitchen,455.84,167
596,apply,Fashion,Accessories,395.99,427
597,relationship,Home,Decor,51.05,354
598,whom,Food,Snacks,199.3,716
599,vote,Technology,Smartphones,136.86,693
600,way,Fashion,Clothing,228.45,938
601,back,Fashion,Shoes,204.29,581
602,look,Home,Furniture,226.94,730
603,top,Sports,Accessories,369.72,361
604,appear,Food,Fresh Produce,53.78,83
605,travel,Food,Beverages,464.33,175
606,thank,Food,Fresh Produce,32.56,471
607,memory,Home,Decor,186.75,133
608,film,Fashion,Shoes,314.45,863
609,rule,Technology,Accessories,250.63,276
610,also,Fashion,Clothing,210.17,881
611,success,Home,Decor,349.27,34
612,professional,Sports,Equipment,259.18,411
613,work,Food,Snacks,248.8,657
614,down,Fashion,Accessories,226.75,636
615,piece,Home,Kitchen,227.88,788
616,city,Food,Snacks,269.52,346
617,he,Food,Snacks,25.96,635
618,body,Sports,Accessories,359.9,110
619,people,Home,Decor,155.56,430
620,president,Sports,Equipment,404.56,89
621,prepare,Food,Snacks,124.89,594
622,enter,Technology,Laptops,494.81,359
623,run,Sports,Apparel,69.2,214
624,hear,Technology,Accessories,387.27,954
625,could,Fashion,Clothing,345.26,462
626,piece,Fashion,Shoes,93.44,912
627,friend,Sports,Accessories,27.15,522
628,simple,Sports,Equipment,285.45,324
629,various,Food,Beverages,77.28,525
630,watch,Home,Decor,113.71,583
631,south,Fashion,Shoes,263.33,382
632,break,Fashion,Shoes,116.33,845
633,minute,Technology,Smartphones,361.14,616
634,blue,Food,Beverages,488.37,559
635,consider,Food,Beverages,272.89,622
636,continue,Sports,Equipment,498.35,847
637,change,Home,Decor,211.89,549
638,western,Fashion,Accessories,413.53,317
639,mind,Fashion,Shoes,48.62,9
640,young,Food,Snacks,421.26,412
641,important,Fashion,Accessories,307.42,43
642,smile,Fashion,Clothing,236.34,254
643,environmental,Sports,Accessories,114.64,748
644,enjoy,Technology,Laptops,484.67,254
645,discussion,Home,Kitchen,271.47,276
646,onto,Fashion,Accessories,225.18,501
647,look,Food,Snacks,451.61,508
648,court,Sports,Apparel,13.83,66
649,common,Technology,Laptops,472.0,483
650,against,Fashion,Accessories,18.06,416
651,herself,Food,Beverages,250.05,26
652,tough,Home,Decor,173.62,247
653,figure,Fashion,Accessories,375.28,95
654,citizen,Sports,Equipment,383.97,321
655,charge,Home,Furniture,367.23,528
656,budget,Fashion,Shoes,201.63,579
657,how,Sports,Apparel,136.11,293
658,control,Technology,Smartphones,357.82,512
659,however,Sports,Apparel,187.08,179
660,respond,Fashion,Accessories,303.07,234
661,full,Fashion,Clothing,403.48,336
662,reveal,Technology,Laptops,474.03,940
663,talk,Home,Kitchen,364.07,657
664,ever,Food,Fresh Produce,310.03,271
665,perhaps,Fashion,Clothing,310.03,593
666,until,Food,Beverages,233.87,117
667,race,Home,Kitchen,471.44,581
668,idea,Home,Furniture,422.58,305
669,to,Technology,Smartphones,172.17,999
670,dark,Fashion,Clothing,173.63,302
671,when,Sports,Accessories,384.06,554
672,day,Food,Fresh Produce,267.41,639
673,sister,Fashion,Accessories,196.31,900
674,simply,Fashion,Shoes,362.44,443
675,ability,Fashion,Accessories,488.13,897
676,role,Technology,Smartphones,349.16,426
677,notice,Sports,Accessories,338.63,988
678,technology,Sports,Equipment,442.68,136
679,deal,Food,Snacks,382.06,217
680,degree,Sports,Equipment,129.32,474
681,figure,Home,Kitchen,377.44,128
682,financial,Fashion,Accessories,165.71,245
683,five,Home,Kitchen,428.86,367
684,level,Home,Furniture,282.6,615
685,understand,Food,Beverages,438.83,256
686,west,Fashion,Accessories,151.32,564
687,these,Food,Snacks,395.12,955
688,affect,Food,Beverages,295.02,661
689,focus,Sports,Accessories,427.9,944
690,morning,Technology,Accessories,98.37,934
691,though,Home,Decor,415.97,805
692,natural,Home,Furniture,356.1,535
693,money,Sports,Equipment,146.0,466
694,movie,Sports,Apparel,402.33,65
695,place,Food,Fresh Produce,403.76,927
696,partner,Food,Beverages,309.54,987
697,win,Food,Snacks,391.49,167
698,give,Sports,Accessories,432.13,103
699,actually,Food,Snacks,437.45,519
700,experience,Technology,Laptops,249.05,907
701,majority,Sports,Apparel,349.18,109
702,against,Food,Beverages,461.7,748
703,summer,Fashion,Shoes,152.5,48
704,compare,Home,Furniture,93.24,648
705,action,Home,Furniture,291.15,832
706,trade,Sports,Equipment,309.25,70
707,house,Home,Decor,438.92,711
708,positive,Sports,Accessories,407.31,492
709,result,Sports,Accessories,233.76,966
710,huge,Sports,Accessories,39.9,765
711,space,Technology,Smartphones,499.32,598
712,movement,Fashion,Clothing,51.65,247
713,return,Technology,Laptops,192.13,248
714,happy,Technology,Smartphones,383.3,949
715,away,Food,Beverages,232.98,87
716,population,Food,Snacks,265.63,722
717,space,Fashion,Accessories,345.03,602
718,two,Sports,Apparel,421.55,702
719,form,Home,Decor,153.95,137
720,customer,Food,Snacks,11.23,349
721,store,Technology,Laptops,119.98,916
722,rest,Home,Decor,31.86,854
723,line,Home,Decor,256.66,344
724,model,Home,Kitchen,352.35,19
725,even,Home,Furniture,378.2,646
726,price,Home,Furniture,236.56,476
727,science,Fashion,Accessories,322.49,769
728,well,Technology,Laptops,135.88,357
729,court,Technology,Smartphones,417.89,838
730,industry,Fashion,Clothing,462.56,966
731,late,Home,Furniture,309.97,543
732,protect,Technology,Accessories,203.82,413
733,really,Sports,Accessories,20.02,315
734,determine,Technology,Smartphones,146.28,667
735,collection,Technology,Smartphones,281.56,275
736,yourself,Technology,Laptops,415.19,721
737,understand,Food,Fresh Produce,462.71,426
738,piece,Technology,Laptops,352.06,970
739,sit,Technology,Accessories,499.75,367
740,free,Home,Decor,151.69,804
741,join,Home,Furniture,349.74,763
742,early,Food,Snacks,5.45,815
743,executive,Technology,Laptops,230.87,5
744,crime,Food,Fresh Produce,56.72,845
745,local,Food,Beverages,39.41,381
746,will,Home,Decor,240.57,302
747,modern,Sports,Equipment,302.65,159
748,matter,Sports,Accessories,359.45,180
749,from,Technology,Laptops,79.7,376
750,study,Sports,Equipment,227.03,167
751,conference,Sports,Equipment,145.09,15
752,collection,Home,Kitchen,98.52,955
753,which,Home,Decor,40.91,265
754,her,Technology,Accessories,193.2,20
755,our,Technology,Laptops,155.92,288
756,class,Sports,Accessories,174.15,745
757,adult,Fashion,Shoes,332.59,547
758,kid,Sports,Equipment,369.14,323
759,be,Fashion,Accessories,231.53,520
760,various,Technology,Laptops,359.2,300
761,inside,Food,Beverages,455.09,508
762,happy,Fashion,Clothing,418.48,15
763,occur,Sports,Equipment,235.19,583
764,because,Fashion,Clothing,64.89,992
765,change,Food,Snacks,107.46,229
766,table,Fashion,Clothing,298.97,388
767,point,Sports,Equipment,489.53,562
768,center,Fashion,Shoes,43.53,337
769,ahead,Food,Fresh Produce,57.45,174
770,ready,Technology,Laptops,337.14,475
771,home,Food,Beverages,309.02,972
772,page,Technology,Smartphones,377.73,437
773,share,Food,Beverages,313.76,464
774,within,Sports,Accessories,6.34,499
775,coach,Food,Fresh Produce,54.36,295
776,city,Fashion,Clothing,320.64,787
777,person,Sports,Apparel,26.48,580
778,feeling,Food,Beverages,88.82,219
779,but,Home,Furniture,325.3,452
780,away,Fashion,Accessories,294.03,869
781,future,Food,Snacks,216.71,294
782,window,Technology,Accessories,235.04,679
783,treatment,Fashion,Accessories,260.75,593
784,woman,Technology,Smartphones,475.51,877
785,specific,Fashion,Accessories,464.87,164
786,item,Technology,Laptops,475.28,910
787,discover,Home,Kitchen,48.82,433
788,and,Fashion,Accessories,24.51,962
789,civil,Sports,Equipment,84.35,798
790,perhaps,Home,Furniture,479.48,47
791,friend,Food,Snacks,42.56,894
792,four,Food,Snacks,412.15,444
793,sometimes,Sports,Apparel,98.56,521
794,red,Technology,Laptops,322.94,993
795,school,Fashion,Accessories,267.07,445
796,party,Fashion,Shoes,130.82,780
797,interest,Sports,Accessories,307.14,358
798,early,Food,Fresh Produce,416.96,52
799,least,Fashion,Shoes,184.87,588
800,election,Fashion,Accessories,445.96,155
801,major,Sports,Apparel,90.33,824
802,relate,Fashion,Accessories,474.79,982
803,service,Food,Snacks,482.15,179
804,task,Fashion,Clothing,184.75,34
805,class,Technology,Smartphones,116.72,288
806,race,Fashion,Shoes,223.22,328
807,issue,Home,Decor,337.0,776
808,consider,Home,Furniture,21.73,578
809,the,Technology,Accessories,39.27,163
810,prevent,Technology,Laptops,176.25,374
811,several,Fashion,Accessories,394.34,253
812,fine,Technology,Laptops,170.4,190
813,red,Fashion,Accessories,200.02,374
814,south,Food,Snacks,21.55,617
815,couple,Food,Fresh Produce,414.32,530
816,and,Sports,Equipment,62.26,962
817,lawyer,Technology,Accessories,172.28,945
818,huge,Sports,Apparel,320.56,65
819,bag,Fashion,Clothing,127.99,864
820,government,Food,Fresh Produce,57.93,93
821,record,Fashion,Shoes,256.04,433
822,event,Sports,Apparel,295.48,590
823,price,Sports,Apparel,420.16,158
824,my,Sports,Accessories,128.16,861
825,agreement,Technology,Laptops,192.68,747
826,race,Fashion,Clothing,10.29,409
827,relate,Fashion,Shoes,446.04,679
828,ok,Food,Beverages,247.35,270
829,group,Fashion,Shoes,204.07,522
830,bill,Technology,Laptops,82.16,64
831,day,Home,Decor,30.41,271
832,democratic,Food,Fresh Produce,179.46,361
833,shake,Home,Kitchen,360.38,208
834,both,Fashion,Clothing,129.87,738
835,dog,Food,Fresh Produce,114.46,596
836,real,Fashion,Shoes,205.67,834
837,nothing,Technology,Accessories,76.54,212
838,soon,Fashion,Accessories,80.94,825
839,today,Sports,Accessories,403.08,599
840,amount,Sports,Accessories,257.82,67
841,animal,Fashion,Shoes,181.03,551
842,explain,Sports,Equipment,331.6,577
843,painting,Sports,Equipment,68.29,367
844,nor,Fashion,Shoes,364.8,869
845,together,Fashion,Accessories,135.15,365
846,today,Fashion,Accessories,457.8,660
847,door,Food,Beverages,174.84,375
848,sea,Food,Snacks,97.74,75
849,total,Technology,Accessories,14.49,806
850,close,Technology,Laptops,395.03,629
851,attack,Food,Beverages,26.73,60
852,tell,Sports,Equipment,182.35,846
853,quality,Food,Beverages,407.85,562
854,because,Technology,Smartphones,125.7,678
855,cost,Food,Beverages,369.93,368
856,to,Fashion,Shoes,236.43,756
857,civil,Technology,Accessories,452.19,618
858,between,Home,Furniture,486.1,929
859,them,Home,Decor,430.82,61
860,consumer,Food,Fresh Produce,148.79,793
861,station,Technology,Accessories,362.54,550
862,ball,Technology,Smartphones,214.42,605
863,hotel,Technology,Smartphones,40.39,687
864,so,Home,Furniture,459.33,996
865,fine,Sports,Apparel,196.29,162
866,much,Technology,Smartphones,402.47,687
867,recognize,Fashion,Accessories,436.74,378
868,which,Sports,Apparel,497.29,999
869,use,Food,Snacks,83.33,100
870,budget,Fashion,Accessories,345.75,65
871,seek,Technology,Smartphones,334.08,598
872,hotel,Fashion,Accessories,141.4,452
873,nothing,Fashion,Shoes,468.49,716
874,class,Sports,Equipment,303.49,935
875,true,Fashion,Clothing,15.71,279
876,learn,Home,Kitchen,100.61,295
877,of,Fashion,Accessories,164.22,683
878,key,Food,Snacks,256.39,193
879,north,Sports,Apparel,337.77,887
880,money,Food,Beverages,417.33,28
881,interest,Home,Kitchen,296.97,52
882,fire,Technology,Accessories,268.32,352
883,wall,Home,Kitchen,85.14,493
884,across,Food,Snacks,241.9,974
885,body,Food,Fresh Produce,262.13,729
886,source,Fashion,Clothing,189.82,948
887,pass,Sports,Accessories,101.81,450
888,break,Technology,Accessories,409.54,20
889,nice,Sports,Equipment,203.18,35
890,general,Sports,Apparel,134.96,232
891,everybody,Food,Snacks,302.13,496
892,only,Sports,Accessories,373.58,940
893,note,Fashion,Shoes,208.94,928
894,article,Home,Kitchen,354.59,604
895,improve,Technology,Accessories,290.98,453
896,for,Food,Fresh Produce,350.55,332
897,focus,Food,Beverages,326.52,469
898,social,Sports,Apparel,202.08,375
899,cell,Home,Kitchen,74.69,619
900,third,Fashion,Shoes,39.03,70
901,think,Sports,Accessories,240.86,606
902,report,Fashion,Accessories,256.61,336
903,a,Sports,Equipment,41.96,909
904,and,Technology,Accessories,410.83,12
905,study,Sports,Equipment,481.36,985
906,important,Sports,Apparel,146.33,973
907,cost,Home,Decor,131.94,384
908,over,Fashion,Shoes,418.61,240
909,without,Sports,Accessories,59.15,194
910,morning,Fashion,Accessories,199.71,305
911,whole,Technology,Accessories,384.75,409
912,work,Home,Kitchen,278.25,551
913,modern,Fashion,Clothing,263.88,818
914,letter,Home,Furniture,268.33,871
915,pull,Food,Beverages,107.35,390
916,network,Fashion,Shoes,111.43,51
917,media,Technology,Accessories,337.59,922
918,election,Home,Kitchen,176.32,85
919,theory,Food,Beverages,483.09,843
920,former,Home,Kitchen,228.2,9
921,near,Sports,Equipment,252.49,529
922,generation,Fashion,Clothing,112.86,912
923,stand,Technology,Laptops,132.59,615
924,since,Home,Furniture,77.67,177
925,important,Home,Kitchen,251.93,852
926,pull,Fashion,Shoes,368.28,326
927,interest,Sports,Apparel,89.0,394
928,father,Fashion,Accessories,397.54,748
929,young,Technology,Laptops,233.85,49
930,truth,Home,Kitchen,390.64,967
931,inside,Home,Furniture,73.45,377
932,smile,Food,Beverages,171.73,999
933,foreign,Sports,Equipment,106.22,773
934,stage,Technology,Accessories,69.78,867
935,skill,Fashion,Clothing,73.5,2
936,by,Technology,Laptops,421.8,447
937,pick,Food,Fresh Produce,392.55,901
938,learn,Food,Snacks,217.14,591
939,shake,Fashion,Shoes,344.75,484
940,carry,Technology,Smartphones,312.87,386
941,director,Home,Furniture,320.72,583
942,fine,Technology,Accessories,215.47,203
943,reason,Sports,Equipment,426.68,216
944,couple,Sports,Accessories,416.75,702
945,brother,Sports,Accessories,345.54,181
946,popular,Food,Beverages,336.81,382
947,chance,Technology,Laptops,22.84,198
948,senior,Sports,Equipment,421.5,241
949,wonder,Food,Beverages,57.71,226
950,least,Sports,Accessories,390.89,450
951,table,Fashion,Accessories,114.72,203
952,check,Home,Kitchen,127.52,829
953,country,Home,Furniture,495.88,271
954,bad,Technology,Laptops,321.82,948
955,data,Home,Kitchen,463.01,886
956,cover,Fashion,Shoes,364.26,118
957,adult,Food,Fresh Produce,474.0,833
958,focus,Technology,Smartphones,180.93,519
959,road,Sports,Apparel,318.86,133
960,attack,Technology,Smartphones,378.94,934
961,answer,Sports,Apparel,94.31,497
962,feel,Fashion,Accessories,412.2,289
963,common,Home,Kitchen,91.94,631
964,population,Home,Kitchen,397.95,414
965,environment,Fashion,Accessories,259.63,397
966,night,Food,Beverages,497.6,756
967,director,Technology,Accessories,208.08,867
968,stuff,Sports,Equipment,185.8,427
969,budget,Technology,Accessories,25.42,915
970,father,Home,Kitchen,469.25,347
971,significant,Sports,Apparel,52.29,104
972,mention,Food,Fresh Produce,49.16,26
973,writer,Food,Fresh Produce,21.36,768
974,much,Technology,Accessories,14.91,648
975,whose,Home,Kitchen,382.68,479
976,up,Fashion,Clothing,12.41,556
977,out,Fashion,Shoes,246.61,595
978,spring,Food,Snacks,288.71,0
979,training,Home,Kitchen,467.35,260
980,scene,Home,Furniture,210.29,675
981,tree,Fashion,Accessories,122.28,200
982,brother,Food,Fresh Produce,104.0,643
983,believe,Fashion,Clothing,235.86,216
984,market,Food,Snacks,282.14,201
985,travel,Fashion,Shoes,155.88,646
986,possible,Fashion,Shoes,314.48,707
987,likely,Fashion,Clothing,12.79,56
988,class,Home,Decor,60.99,141
989,that,Food,Fresh Produce,20.87,735
990,soon,Technology,Smartphones,389.76,105
991,investment,Fashion,Accessories,439.51,70
992,per,Sports,Accessories,300.03,578
993,poor,Food,Beverages,253.35,873
994,phone,Technology,Laptops,179.74,607
995,position,Home,Decor,362.17,980
996,fall,Fashion,Accessories,340.87,271
997,parent,Home,Furniture,497.25,668
998,rock,Fashion,Clothing,396.86,529
999,new,Food,Beverages,289.56,15
1000,big,Sports,Equipment,185.37,897
